Court_Id,Name,Borough,Location,Num_Of_Courts,Lat,Lon
X169,Agnes Haywood Playground,Bronx,"E. 215 St., Barnes Ave., E. 216 St.",2.0,40.8804,-73.8621
X172,Allerton Playground,Bronx,"Allerton, Bouck, Throop Aves. & Stedman Place",4.0,40.8659,-73.8506
X219,Arcilla Playground,Bronx,"Clay, Park, and Teller Aves., E. 164 St.",4.0,40.827,-73.9148
X150J,Bailey Playground,Bronx,Bailey Avenue & 234 St.,6.0,40.8818,-73.9002
X166,Behagen Playground,Bronx,"165-166 Sts., Union Avenue",2.0,40.8258,-73.9008
X108,Belmont Playground,Bronx,"E. 181 & E. 182 Sts., Crotona & Belmont Aves.",6.0,40.8504,-73.8874
X002,Brady Playground,Bronx,Bronxdale Blvd. & Bronx Park East,4.0,40.8519,-73.8694
X183,Bruckner Playground,Bronx,Phillips & Cross Bronx Expressway,2.0,40.8267,-73.829
X121,Bufano Playground,Bronx,Waterbury & LaSalle Aves.,8.0,40.8385,-73.8315
X232,Burns Playground,Bronx,"Mace, Lodovick, & Gunther Aves.",4.0,40.863,-73.8364
X187,Campanaro Playground,Bronx,"Gun Hill & Eastchester Rds., Arnow Ave.",2.0,40.8678,-73.843
X194,Captain Rivera Playground,Bronx,"Forest Ave., E. 156 St.",2.0,40.8178,-73.9067
X160,Caserta Playground,Bronx,St. Raymond Ave. & Purdy St.,2.0,40.8372,-73.8538
X200,Clark Playground,Bronx,"3rd Ave, E. 144 to 145 Sts.",1.0,40.8137,-73.9214
X122,Colucci Playground,Bronx,Mayflower & Wilkinson Aves.,4.0,40.8524,-73.8343
X021,Drew Playground,Bronx,"Fulton Ave., E. 169 St.",2.0,40.8333,-73.9033
X185,Dunbar Playground,Bronx,"E. 161 St., Trinity Ave",2.0,40.8233,-73.9063
X156,Eastchester Playground,Bronx,Adee & Tenbroeck Aves.,4.0,40.8697,-73.853
X165,Edenwald Playground,Bronx,Schieffelin Ave. & E. 229 St.,4.0,40.8838,-73.8457
X146,Flynn Playground,Bronx,"E. 157 St., 3rd Ave., E. 158 St., Brook Ave.",2.0,40.8209,-73.9123
X150E,Fordham Landing,Bronx,Fordham Road and Major Deegan,8.0,40.8635,-73.9101
X020,Fort Independence Playground,Bronx,Sedgwick & Stevenson Aves.,2.0,40.882,-73.8946
X233,Fountain of Youth Playground,Bronx,"Union Ave., E. 150 St., Tinton Ave. and E. 152 St.",4.0,40.814,-73.9054
X114,Goble Playground,Bronx,Goble Rd. & Inwood Ave.,2.0,40.8437,-73.9169
X222,Gouverneur Playground,Bronx,"3rd Ave., St. Paul's Pl., Washington Ave.",2.0,40.8353,-73.9037
X235,Grovehill Playground,Bronx,"E. 158 St., Eagle Avenue, Cauldwell Ave, E. 156 St",2.0,40.8197,-73.9091
X080,Henry Hudson Park,Bronx,Palisade Avenue & Kappock Street,2.0,40.8813,-73.921
X017,Julius Richman Park (lower),Bronx,"E. Tremont, E. Burnside, and Valentine Aves.",2.0,40.8493,-73.9012
X163,Loreto Playground,Bronx,"Morris Park, Tomlinson, Van Nest & Haight Aves.",4.0,40.8487,-73.8517
X131,Lozada Playground,Bronx,"E. 135 St., Alexander & Willis Aves.",2.0,40.808,-73.9246
X214,Magenta Playground,Bronx,"Rosewood & Magenta Sts., Olinville Ave.",2.0,40.8738,-73.8677
X178,Matthews-Muliner Playground,Bronx,"Morris Park, Matthews, & Muliner Aves.",2.0,40.8467,-73.8617
X157,Mazzei Playground,Bronx,Williamsbridge Rd & Mace Ave.,4.0,40.8621,-73.8588
X154,Melrose Playground,Bronx,"Courtlandt Ave., 154 and 155 streets, Morris Ave.",2.0,40.8207,-73.9186
X153,Merriam Playground South,Bronx,"Merriam Ave., Odgen Ave., W. 168. St.",2.0,40.839,-73.9263
X182,Millbrook Playground,Bronx,N/S E 135 St betw St Anns & Cypress,2.0,40.8042,-73.9168
X206,Morgan Playground,Bronx,"E. 168 St., Washington Ave.",2.0,40.8326,-73.9071
X115,Mott Playground,Bronx,"Morris & College Aves., W. 166 St. to W. 167 St.",4.0,40.8313,-73.9145
X034,Mullaly Park,Bronx,W. 164 St. & River Ave.,18.0,40.8305,-73.9248
X168,Nelson Playground,Bronx,"W. 166 St., Nelson Ave., Woodycrest Ave",4.0,40.8349,-73.9271
X039,Orchard Beach Playground,Bronx,Orchard Beach Area 6,24.0,40.8689,-73.7926
X151,P.O. Serrano Playground,Bronx,Lafayette & Olmstead Aves,8.0,40.8235,-73.85
X177,Parker Playground,Bronx,Castle Hill & Parker Aves.,4.0,40.8388,-73.8532
X162,Parkside Playground,Bronx,Arnow & Olinville Aves.,3.0,40.8682,-73.8679
X155,Patterson Playground,Bronx,"Morris Avenue, E. 148 St., College Ave., E. 145 St.",4.0,40.8161,-73.9219
X179,Playground 52,Bronx,"Kelly, Beck & Ave. St. John",4.0,40.8153,-73.9018
X138,Playground One Thirty Four CXXXIV,Bronx,"Bruckner Blvd., Cypress Ave., E. 133 & E. 134 Sts.",2.0,40.8026,-73.917
X207,Pontiac Playground,Bronx,"E. 149 St., Concord Ave, Jackson Ave.",2.0,40.8144,-73.9079
X148H1,Prospect Playground,Bronx,"Clinton Ave., E. 176 St., Prospect Ave.",6.0,40.8433,-73.8911
X041,Pulaski Park,Bronx,"Willis Ave., Bruckner Blvd., E. 132 St., Willis Ave. Br.",4.0,40.8054,-73.9245
X203,Randall Playground,Bronx,Randall & Olmstead Aves.,2.0,40.8196,-73.8494
X116,Reverend Polite Playground,Bronx,Rev. Polite Avenue & E. 167 St.,2.0,40.8274,-73.8964
X141,Rienzi Playground,Bronx,"White Plains Rd., E. 226 St., Barnes Ave., E. 225 St.",2.0,40.8878,-73.8584
X175,Riverbend Playground,Bronx,Bailey Avenue,1.0,40.8719,-73.9058
X186,Riverdale Playground,Bronx,Independence Avenue & 237 St.,5.0,40.8881,-73.9153
X238,Sawmill Playground,Bronx,"E. 139 St. & E. 140 Sts., Brook & Willis Aves.",1.0,40.8087,-73.9195
X158,Sedgwick Playground,Bronx,Undercliff Ave. & Cross Bronx Expwy.,2.0,40.8456,-73.923
X085,Slattery Playground,Bronx,Ryer and Valentine Aves. & E. 183 St.,4.0,40.8575,-73.8985
X221,Space-Time Playground,Bronx,Lafayette & Bolton Aves,2.0,40.8223,-73.8596
X044,St. James Park,Bronx,Jerome Avenue and 193 St.,6.0,40.8657,-73.8969
X045,St. Mary's East,Bronx,"Jackson Ave, St Mary's St",4.0,40.8105,-73.9103
X193,Stars & Stripes Playground,Bronx,"Crawford Ave., Baychester Rd.",2.0,40.8854,-73.8402
X211,Stebbins Playground,Bronx,"E. 165 St., Stebbins Ave., Roger Pl.",2.0,40.8226,-73.8987
X204,Story Playground,Bronx,Story & Theriot Aves.,4.0,40.8231,-73.8627
X176,Taylor Playground,Bronx,Theriot & Guerlain Aves.,2.0,40.8392,-73.8659
X170,The Pearly Gates,Bronx,St. Peter's & Tratman Aves.,2.0,40.8389,-73.8456
X190,Tiffany Playground,Bronx,"Fox St., E. 167 St., Tiffany St.",4.0,40.8249,-73.8941
X010A,Tremont Park,Bronx,"Arthur Ave., Cross Bx. Expwy., Tremont Ave. & 3rd",4.0,40.8447,-73.8944
X124,Watson-Gleason Playground,Bronx,Watson and Rosedale Aves.,8.0,40.8276,-73.869
X217,Willis Playground,Bronx,"E. 139 St., E. 140 St., Willis & Alexander Aves.",2.0,40.8108,-73.9237
B342,100% Playground/PS 242 (100th Street),Brooklyn,Glenwood Rd & 100th St,2.0,40.6466,-73.8989
B137,16 Sycamore Playground,Brooklyn,Schermerhorn & Nevins Sts,3.0,40.6867,-73.9806
B329,Alex Lindower Park,Brooklyn,Mill Ave & Strickland Ave,4.0,40.6128,-73.9119
B193,Alexander Hamilton-Metz Field,Brooklyn,Albany & East NY Aves,4.0,40.6624,-73.9402
B001,American Playground,Brooklyn,Noble/Franklin & Milton Streets,2.0,40.7288,-73.9582
B080,"Asser Levey Park (Sea Side, W 5th)",Brooklyn,Surf Ave & 5th Street,10.0,40.5743,-73.9727
B286,Bartlett Playground,Brooklyn,Bartlett & Throop Aves,2.0,40.7012,-73.946
B164,Bath Beach Park,Brooklyn,Shore Pkwy & 17th Ave,4.0,40.6024,-74.0103
B349,Bath Playground,Brooklyn,Bath Ave & 24th St,2.0,40.5948,-73.9931
B283,Belmont Playground,Brooklyn,Belmont Ave & Drew St,2.0,40.6756,-73.8626
B277,Benson Playground,Brooklyn,Bath Ave & Bat 22nd,4.0,40.6024,-74.0021
B007,Bensonhurst Park,Brooklyn,Bay Parkway & Cropsey Ave,6.0,40.598,-74.0012
B109,Bill Brown Playground,Brooklyn,Bedford Ave & Ave X,4.0,40.593,-73.9457
B258,BREVOORT HOUSES PLGD.,Brooklyn,Ralph Ave & Chauncy St.,6.0,40.68,-73.9225
B012,BROWER PARK & PS 289 PLGD.,Brooklyn,Brooklyn & Kingston Aves,2.0,40.6741,-73.9434
B270,BROWNSVILLE PLGD.,Brooklyn,Linden Bkvd. & Hegeman St.,8.0,40.6569,-73.9022
B017,Bushwick Playground,Brooklyn,Knickerbocker Ave & Putnam St,4.0,40.6963,-73.9121
B310,Bushwick Playground and Pool,Brooklyn,Bushwick & Flushing Aves,4.0,40.7016,-73.9396
B219,CALLAHAN & KELLY PLGD.,Brooklyn,Eastern Pkwy & Truxon St.,6.0,40.6786,-73.9042
B347,Carver Playground,Brooklyn,Carver Ralph Ave & SumpterSt.,2.0,40.6802,-73.9202
B337,Century,Brooklyn,Brighton Ave & west 2nd,2.0,40.5768,-73.9711
B302,CHARLIES PLACE,Brooklyn,Hopkins & Throop Aves,2.0,40.6989,-73.9463
B141,Cityline Park,Brooklyn,Atlantic & Fountain Aves,2.0,40.6795,-73.8748
B077,COFFEY PARK,Brooklyn,"King, Richard & Dwight Sts",4.0,40.6771,-74.0092
B128,Col Marcus Park,Brooklyn,Ocean Pkwy & Ave P,5.0,40.6096,-73.9703
B021,Comm Barry Park,Brooklyn,Flushing Ave & N. Elliot Pl,8.0,40.6979,-73.9802
B268,Coney Island Houses Playground (Nautilus Playground),Brooklyn,West 29th to West 32nd streets,2.0,40.5717,-73.9971
B025,Cooper Park,Brooklyn,Sharon &Olive Sts & Maspeth & Morgan Aves,4.0,40.7155,-73.9367
B102,Crispus Attucks Playground,Brooklyn,Fulton St & Classon Ave,2.0,40.6817,-73.9597
B103,Cypress,Brooklyn,Blake & Euklid Sts,2.0,40.67,-73.8709
B262,David Ruggles Playground,Brooklyn,Thompkins Ave & Halsey St,4.0,40.6819,-73.9447
B358,DE HOSTOS Playground,Brooklyn,Harrison Ave& Lorimer Sts,2.0,40.7026,-73.949
B232,DEAN PLGD,Brooklyn,Dean St & 6th Ave,2.0,40.6806,-73.9727
B293,DeKalb Playground,Brooklyn,Lafayette & Classon Aves,2.0,40.6899,-73.9605
B151,Dome Playground,Brooklyn,Dahill Rd & E 38th,2.0,40.6379,-73.9799
B228,DR. GREENE PLGD. (PS 284),Brooklyn,Stone & Sutter Aves,2.0,40.6674,-73.9071
B125,Dreier-Offerman Park,Brooklyn,Bay 44th & Cropsey Ave,4.0,40.5875,-73.9909
B359,Eleanor Roosevelt Playground,Brooklyn,E. Roosevelt Lewis & Dekalb Aves,4.0,40.693,-73.9355
B149A,Elton Playground,Brooklyn,Elton & Hegeman,4.0,40.6658,-73.8806
B405,Epiphany Playground,Brooklyn,Berry & S 9th Streets,2.0,40.7085,-73.9656
B346,Ericsson Playground,Brooklyn,Manhattan Ave & Leonard St,2.0,40.7206,-73.9484
B345,Ethan Allen Playground,Brooklyn,New Jersey Ave & Eldert St,2.0,40.6558,-73.8873
B332,Evergreen Playground,Brooklyn,Evergeen Ave to Decatur St,2.0,40.6861,-73.9109
B334,Fermi Playground,Brooklyn,Troutman & Central Aves,2.0,40.7007,-73.9284
B254,GEORGE WINGATE HS PLGD,Brooklyn,Brooklyn & Kingston Aves,8.0,40.6596,-73.9443
B236,GLENWOOD HOUSES PLGD.,Brooklyn,Ralph Ave & Farragut Rd,4.0,40.6367,-73.9193
B243,Golconda Playground,Brooklyn,"Concord, Nassau, Navy & Gold Sts",6.0,40.6982,-73.9825
B230,GOWANUS HOUSES PLGD.,Brooklyn,Wykoff & Bond Sts.,2.0,40.6845,-73.9874
B078,Grace,Brooklyn,Vermont St & Belmont Ave,4.0,40.6712,-73.8948
B275,Grady HS,Brooklyn,Brighton 3rd st & Shore Pkwy,4.0,40.5824,-73.9649
B042,Gravesend Park,Brooklyn,18th Abe & 56th St,4.0,40.6234,-73.9852
B301,Greene Playground,Brooklyn,Greene Ave & Waveryl Pl,2.0,40.6865,-73.9662
B130,GREENWOOD PLGD.,Brooklyn,Ft Hamilton Pkwy Greenwood Ave,4.0,40.6504,-73.9763
B285,Harry Maze Playground,Brooklyn,Ave D & E 57th,4.0,40.643,-73.923
B323,HATTIE CARTHAN,Brooklyn,Monroe and Marcy Aves,2.0,40.6858,-73.946
B088,HERBERT VON KING PARK,Brooklyn,Lafayette & Thompkins Aves,2.0,40.6894,-73.9459
B235,Herman Dolgon Playground,Brooklyn,Ave V & Nostrand Ave.,4.0,40.598,-73.9407
B166B,Homecrest Playground,Brooklyn,Homecrest Ave & Belt Pkwy,8.0,40.5867,-73.9571
B260,HOWARD HOUSES PLGD & POOL,Brooklyn,Glenmore Ave & Stone St.,2.0,40.6717,-73.9088
B343,IS 275 (Osborn),Brooklyn,Linden Blvd. & Osborn St,2.0,40.656,-73.906
B357,IS 320 (JACKIE ROBINSON),Brooklyn,Sullivan Pl & Franklin Ave,4.0,40.6657,-73.9595
B330,IS 78 PLGD. HICKMAN PARK),Brooklyn,Veterans Ave & 68th St,2.0,40.6204,-73.9137
B294,JACKIE ROBINSON PARK - PS 21,Brooklyn,"Chauncey, Reid & Marion Sts.",6.0,40.68,-73.9283
B324,JACOB JOFFE PARK,Brooklyn,Ave K & E 58th,2.0,40.6248,-73.919
B282,Patrick O&rsquo;Rourke Park ,Brooklyn,12th Ave & 81st St,2.0,40.6192,-74.0141
B279,JHS 211 (WILSON),Brooklyn,Ave J & 100th St,4.0,40.6422,-73.8945
B325,JHS 271 FISH PLGD,Brooklyn,Saratoga Ave & Herkimer St.,2.0,40.6783,-73.9145
B353,JHS 312 (BERGEN BEACH),Brooklyn,Ave N & Est 71st,2.0,40.6227,-73.9094
B111A,JHS 51 (Terrapin Plgd),Brooklyn,4th Ave & 3rd St,2.0,40.6735,-73.9856
B335,JHS 68 (BILDERSEE),Brooklyn,Flatlands Ave & 81st st,4.0,40.6362,-73.9118
B210A,JOHN ALLEN PAYNE PARK,Brooklyn,3rd Ave & 65 th st,6.0,40.6402,-74.0243
B210B,JOHN D'EMIC SR. MEMORIAL PARK,Brooklyn,3rd Ave 35th St,4.0,40.6558,-74.0045
B210W,JOHN J. CARTY PLGD.,Brooklyn,Ft Hamilton Pkwy & 100 th St,6.0,40.6128,-74.0305
B291,JOHN MARSHALL POWER PLGD.,Brooklyn,Utica Ave & Ave N,4.0,40.6186,-73.9277
B129,Kaiser,Brooklyn,Neptune & Bayview Aves,8.0,40.5792,-73.9923
B304,Kennedy King Playground,Brooklyn,Lenoix Rd & E 92nd,2.0,40.6588,-73.9218
B150,Kolbert Playground,Brooklyn,Ave L & East 17th,4.0,40.6197,-73.9577
B317,LAFAYETTE HOUSES PLGD.,Brooklyn,Lafayette & Franklin Aves,2.0,40.69,-73.9574
B023,LAFAYETTE PLGD.,Brooklyn,Lafayette Ave & Mallcom X Blvd.,2.0,40.6925,-73.9297
B167,LaGuardia Playground,Brooklyn,South Roebling & South 4th St,4.0,40.7105,-73.9597
B054,LINCOLN TERRACE PARK,Brooklyn,Buffalo Ave & Eastern Pkwy,13.0,40.6665,-73.9273
B214,Linden Park,Brooklyn,Linden Blvd & Stanley,6.0,40.659,-73.8864
B099,Lt. Petrosino Playground,Brooklyn,70th St & New Utrecht Ave,2.0,40.6193,-73.9987
B217,MARCY HOUSES PLGD.,Brooklyn,Mrytle & Nostrand & Marcy Aves,10.0,40.6955,-73.9522
B016,Maria Hernandez Park,Brooklyn,Knickerbocker & Irving Aves,2.0,40.7032,-73.9232
B110,MARION & HOPKINSON PLGD.,Brooklyn,Hopkinson & Marion Sts,1.0,40.6818,-73.9137
B272,Marlboro,Brooklyn,Ave w & West 11th,2.0,40.591,-73.9806
B056,Martin Luther King,Brooklyn,"Miller, Dumont & Blake Aves",2.0,40.668,-73.8907
B098,MARTIN LUTHER PLGD.,Brooklyn,2nd Ave & 55th St,2.0,40.6457,-74.0195
B127,Martinez Playground,Brooklyn,Scholes St & Graham Ave,8.0,40.7088,-73.9447
B058,McCarren Park,Brooklyn,Union Avenue between Driggs Avenue and Bayard Street,12.0,40.7198,-73.9519
B061,McLaughlin Park,Brooklyn,Tillary & Jay Sts,2.0,40.6965,-73.9868
B197,Mellett Playground,Brooklyn,Ave V & East 13th,2.0,40.5971,-73.9576
B022,Middelton Playground,Brooklyn,Lynch & Middleton Streets & Lee Ave,4.0,40.7008,-73.9557
B396,NEHEMIAH PARK,Brooklyn,,6.0,40.6628,-73.9054
B135,Newton Barge Playground,Brooklyn,"Commercial, Dupont & West Streets",2.0,40.7362,-73.9603
B250,Nostrand Playground,Brooklyn,Nostrand & Foster Aves,6.0,40.6385,-73.9467
B237,P.S. 3 (JEFFERSON) PLGD.,Brooklyn,Bedford Ave& Hancock St,2.0,40.6822,-73.954
B218,Paerdegat Pk,Brooklyn,Foster Ave. & 41st St,2.0,40.6379,-73.9384
B253,Parham Playground,Brooklyn,Adelphi St & Dekalb Ave,2.0,40.6901,-73.9711
B208,PFC Thomas Norton,Brooklyn,Nostrand Ave & Marine Pkwy,2.0,40.6143,-73.9449
B309,Pink Houses,Brooklyn,Stanley Ave & Eldert St,2.0,40.6664,-73.8625
B210I,PLAYGROUND THREE-FORTY,Brooklyn,3rd Ave & 40th,2.0,40.6526,-74.0088
B169B,Poseidon Playground (Coney Island),Brooklyn,West 27th Street End & Reigelmann Boardwalk,6.0,40.5722,-73.992
B156,Powell Playground,Brooklyn,Sackman Ave & Powell Sts,4.0,40.6715,-73.9051
B292,Pratt Playground,Brooklyn,Willoughby Ave& Emerson Pl,2.0,40.6928,-73.9628
B210J,PS 1 PLGD,Brooklyn,3rd Ave & 46th,2.0,40.649,-74.012
B266,PS 117 STAR SPAGLED BAN,Brooklyn,Franklin Ave& Willoughby St.,2.0,40.6915,-73.958
B248,PS 251 Plgd. (DAVID A. FOX MEM. PARK),Brooklyn,Ave H & E 55th,4.0,40.6323,-73.9241
B140,PS 256 (Banneker),Brooklyn,Marcy Ave & Kosciusko St,4.0,40.6904,-73.9497
B269,PS 26/JHS 57 (J. Owens),Brooklyn,Stuyvesant St & Lafayette Ave,4.0,40.6911,-73.933
B247,PS 260 (BREUKELEN) PLGD.,Brooklyn,Louisianna & Flatlands Ave,4.0,40.6541,-73.8931
B313,PS 262 EL SHABAZZ PLGD,Brooklyn,Malcom X Blvd& Macon St,2.0,40.6827,-73.9305
B274,PS 272 (BAYVIEW) PLGD.,Brooklyn,Seaview Ave & 99th st,2.0,40.6346,-73.8873
B306,PS 286,Brooklyn,Ave Y & Brown St,2.0,40.5909,-73.9382
B298,PS 297 (STOCKTON) PLGD.,Brooklyn,Marcy Ave & Park Ave,2.0,40.6974,-73.949
B322,PS 304 ( Pulaski),Brooklyn,Sumner Ave & Hart St PS 305,2.0,40.6938,-73.9416
B350,PS 316 (STROUD),Brooklyn,Classon Ave & Sterling St.,2.0,40.6751,-73.9619
B362,PS 327 (CHESTER),Brooklyn,Chester St & Sutter Ave,2.0,40.6687,-73.9119
B363,PS 332 (HOUSTON),Brooklyn,Powell & Liberty Sts,4.0,40.6724,-73.905
B364,PS 335 (WOODS),Brooklyn,Bergen St & Utica Ave,2.0,40.6746,-73.9291
B339,PS 41 (NEWPORT),Brooklyn,Newport Ave & Osborne St,2.0,40.6607,-73.9068
B216,PS 44 (Putnam),Brooklyn,Patchen St. & Ralph Avenues,4.0,40.6863,-73.9391
B263,PS 59 (SUMNER HOUSES) PLGD.,Brooklyn,"Throop, Park & Myrtle Aves.",2.0,40.6977,-73.9432
B267,PS 92 (PARKSIDE),Brooklyn,Parkside & Bedford Aves,2.0,40.6566,-73.9537
B271,Railroad Playground,Brooklyn,Ditmas Ave & 91st,4.0,40.6496,-73.914
B265,RAINBOW PLGD,Brooklyn,6th Ave & 55th St,2.0,40.6408,-74.011
B126,RED HOOK PARK,Brooklyn,Lorrain & Clinton Sts,8.0,40.6726,-74.0083
B223P01,Rodney Park Center,Brooklyn,Borinquen Pl & 3rd St,4.0,40.7086,-73.9567
B264,Roebling Playground,Brooklyn,Wilson & Lee Aves & Taylor St.,4.0,40.7063,-73.9619
B192,RUSSELL PEDERSON PLGD,Brooklyn,Colonial Rd & 83rd St,8.0,40.6259,-74.0364
B224,Salgado Playground,Brooklyn,Madison St & Patchen Ave,4.0,40.6879,-73.9252
B100,Seth Low Playground,Brooklyn,Ave P & Bay Pkwy,4.0,40.6076,-73.9862
B239,Sheepshead Bay HS,Brooklyn,Rec Area Ave Z & Nostrand Ave.,6.0,40.5893,-73.9405
B124,Sheridan Playground,Brooklyn,Wythe Ave Berry St & Grand Ave,2.0,40.7151,-73.9646
B163,Sperandeo Brothers Playground,Brooklyn,Atlantic Ave & Elton St,4.0,40.6764,-73.8846
B225,ST. ANDREW'S PLGD.,Brooklyn,Atlantic Ave & Herkimer St,6.0,40.6783,-73.9419
B245,ST. JOHN'S RECREATION CENTER,Brooklyn,Troy Ave & Prospect Pl,12.0,40.6742,-73.9341
B055,Sternberg Park,Brooklyn,Montrose Ave/ Lorimer & Leonard Streets,2.0,40.7057,-73.9477
B381,Thomas Boyland Park,Brooklyn,Broadway & Furman Sts,2.0,40.6813,-73.9069
B145,THOMAS GREENE PK,Brooklyn,Nevins & Degraw Sts,8.0,40.6806,-73.9862
B307,Tiger Playground,Brooklyn,Evergreen Ave to Eldert St,2.0,40.6881,-73.9114
B234,Tilden Playground,Brooklyn,Tilden Ave & E 48th,2.0,40.6479,-73.9315
B249,VAN DYKE HOUSES PLGD.,Brooklyn,Dumont Ave & Powell St,8.0,40.6641,-73.9043
B050,Van Voorhees,Brooklyn,Congress & Colombia Sts,6.0,40.6904,-73.9992
B220,Washington & Hall Park,Brooklyn,Washington Ave & Hall St.,4.0,40.6952,-73.9668
B252,West Playground,Brooklyn,Ave Z & West 1st,4.0,40.5868,-73.9698
B051,William E. Kelly Memorial Park,Brooklyn,Ave S & 14th St,2.0,40.6039,-73.9572
B051,William Kelly Playground,Brooklyn,Ave S & 14th St,4.0,40.6038,-73.9571
B348,Willoughby Playground,Brooklyn,Willoughby Thompkin Ave & Willoughby St.,2.0,40.6947,-73.9469
M056,123rd Morningside Park,Manhattan,Morningside & 121 Street,4.0,40.8094,-73.9561
M124,1st Street Playground,Manhattan,East 1st St. & 1st Ave.,4.0,40.7235,-73.9896
M108Q,24 Sycamores Playground,Manhattan,York & 61 Street,2.0,40.7593,-73.9586
M194,Al Smith Recreation Center,Manhattan,Catherine Slip & Monroe St.,2.0,40.7102,-73.9981
M164,Asser Levy Playground,Manhattan,East 23 Street & FDR,4.0,40.7368,-73.9752
M165,Baruch Playground,Manhattan,Irvington & Baruch Pl.,4.0,40.7176,-73.9763
M214,Blake Hobbs Playground,Manhattan,104 & 2 Avenue,4.0,40.7884,-73.9445
M200,Booker T. Washington Playground,Manhattan,107 St.& Columbus,4.0,40.8014,-73.9642
M155,C. Callendar,Manhattan,130 & 5 Avenue,2.0,40.8101,-73.9404
M018,Carmansville Playground,Manhattan,Amsterdam & 151 Street,2.0,40.8293,-73.944
M011,Chelsea Park,Manhattan,9th Ave. & 27th St.,6.0,40.75,-74.0005
M171,Cherry Clinton,Manhattan,Cherry & Water St.,4.0,40.7113,-73.9861
M215,Cherry Tree Playground,Manhattan,99 Street & 3 Avenue,2.0,40.7873,-73.9469
M186,Col. Young,Manhattan,143 & Harlem River,12.0,40.8186,-73.9349
M208E,Crack is Wack! Playground,Manhattan,128 & 2 Avenue,2.0,40.8047,-73.9318
M022,De Witt Clinton Park,Manhattan,53rd St. & 12th Ave.,4.0,40.7686,-73.9944
M066,Dr. Gertrude B. Kelly Playground,Manhattan,West 17th St. & 8th Ave.,3.0,40.7417,-74.0021
M217,Howard Bennett Playground,Manhattan,135 & Lenox,4.0,40.8134,-73.9385
M208A,Each One Teach One,Manhattan,128 & 3Ave,4.0,40.8064,-73.9353
M159,Frederick Johnson Playground,Manhattan,7 Avenue & 150 Street,8.0,40.8245,-73.9351
M221,Gutenberg,Manhattan,"N/S W 49 ST, 9 & 10 Aves",3.0,40.7633,-73.9899
M033,Hamilton Fish Park,Manhattan,128 Pitt St.,2.0,40.7193,-73.9804
M041,Hamilton Place Playground,Manhattan,W 140 & Hamilton Pl,2.0,40.8231,-73.9515
M277,Hell's Kitchen Park,Manhattan,47th St. & 10th Ave.,2.0,40.7631,-73.9924
M228,Henry Jackson Playground,Manhattan,Jackson St. & Henry St.,4.0,40.7139,-73.9818
M216,Holcombe Rucker Playground,Manhattan,156 & 8 Ave,4.0,40.8294,-73.9361
M042,Inwood Park,Manhattan,207 & Seaman Ave,8.0,40.8698,-73.9225
M099,J. Hood Wright Park,Manhattan,176 St. & Ft. Washington Ave,2.0,40.8471,-73.9407
M038,J.J. Walker Park,Manhattan,Hudson & Leroy St.,4.0,40.7296,-74.0059
M223,Jacob Schiff Playground (P.S. 192),Manhattan,Amsterdam & 136 St.,6.0,40.8203,-73.9526
M111,James Weldon Johnson Playground,Manhattan,115 St. & Lexington Ave.,2.0,40.7974,-73.942
M045,John Jay Park,Manhattan,E 77 St & Cherokee Pl.,4.0,40.7692,-73.9501
M132,LaGuardia Playground,Manhattan,Madison St. off Jefferson St.,2.0,40.7123,-73.9887
M065,Luther Gulick Park,Manhattan,Columbia & Delancey Streets,4.0,40.7162,-73.9823
M213,Mae Grant Playground,Manhattan,104 & Madison,2.0,40.7925,-73.9492
M154,May Matthews Playground,Manhattan,46th St. & 9th Ave.,2.0,40.7616,-73.9927
M059,Murphy's Brother,Manhattan,17 St. & Ave.C St.,1.0,40.7303,-73.9737
M241,Nathan Straus Park,Manhattan,Rivington & Attorney St.,2.0,40.7193,-73.9844
M010,North Meadow Recreation Center,Manhattan,Mid-park at 97th Street,8.0,40.7914,-73.9593
M234,Orville & Wilbur Playground,Manhattan,St. Nick Avenue & West 156 Street,2.0,40.8319,-73.9421
M205,P.S. 125,Manhattan,Morningside & 125 St.,4.0,40.8112,-73.9564
M239,P.S. 155,Manhattan,118 & 2 Avenue,2.0,40.7971,-73.9353
M233,Playground 70,Manhattan,70 Street & Amsterdam,2.0,40.7771,-73.9839
M230,Poor Richard's Playground,Manhattan,109 Street & 3 Avenue,2.0,40.7924,-73.9423
M245,Renaissance Playground (P.S. 194),Manhattan,144 & 8 Avenue,2.0,40.8215,-73.9414
M158,Robert Moses Playground,Manhattan,42 St. & FDR,2.0,40.7478,-73.9689
M190,Sheltering Arms Park,Manhattan,W 126 & Amsterdam,4.0,40.8147,-73.9559
M244,Sol Bloom Playground,Manhattan,West 92 Street & Columbus,2.0,40.7896,-73.9691
M079,St. Catherine's Playground,Manhattan,1st Ave & 27 St.,2.0,40.7654,-73.9591
M198,"St. Nick Terrace "" Martin Luther King Houses Playground",Manhattan,114 & Lenox,4.0,40.8002,-73.9506
M076,St. Vartan's Park,Manhattan,2 Ave & East 35 Street,4.0,40.7457,-73.9749
M192,Stanley M. Isaacs Courts,Manhattan,FDR & 97 ST,8.0,40.7836,-73.944
M069,Thompson Street Playground/Vesuvio Playground,Manhattan,Tompson Street & Spring Street,3.0,40.7252,-74.0026
M265,"Vincent F. Albano, Jr. Playground",Manhattan,2 Avenue & 29 Street,2.0,40.7422,-73.9786
M225,Wagner Playground,Manhattan,122 Street & 2 Avenue,2.0,40.8001,-73.9351
M125C,West 4th Street Courts,Manhattan,Avenue of the Americas between West 3rd and 4th streets,3.0,40.7311,-74.0009
M148,White Playground,Manhattan,106 Street & 3 Avenue,2.0,40.7917,-73.9456
Q318,80 AVENUE P/G(PS 115),Queens,"80 AVE, 261-262 STS",2.0,40.7449,-73.7099
Q338,"ADMIRAL PARK(PS 94,SY SEPLOWE)",Queens,"LITTLE NECK PKWY, 42-43 AVES",0.0,40.7711,-73.738
Q051,ALBANS PARK,Queens,"MERRICK BLVD, 173 PL, SAYERS AVE",4.0,40.6937,-73.7798
Q356,ALLEY P/G(PS 213),Queens,67 AVE & 230 ST,4.0,40.7473,-73.7446
Q001A,ALLEY PK ATHLETIC FIELD,Queens,"UNION TPKE, GRAND CENTRAL PKWYS, WINCHESTER BLVD",4.0,40.7387,-73.7378
Q443,ALMEDA PLAYGROUND(PS 42),Queens,"B 65 ST, BCH CHANNEL DR",2.0,40.5935,-73.7946
Q319,ANNADALE PLAYGROUND(PS 175),Queens,YELLOWSTN BLVD/65 RD-65 AVE,2.0,40.7314,-73.8517
Q313,ARVERNE PLAYGROUND,Queens,ARVERNE BLVD & B 55 ST,2.0,40.5931,-73.785
Q014,ASTORIA HEIGHTS P/G (JHS 10),Queens,"30 RD, 45-46 STS",6.0,40.76,-73.9123
Q399,BAY TERRACE P/G(PS 169),Queens,NE CORNER 212 ST & 23 AVE,2.0,40.7821,-73.7777
Q389,BAYSIDE P/G (JHS 180),Queens,BCH CHANNEL DR & SEASIDE,2.0,40.5851,-73.8252
Q162E,BEACH 59TH ST P/G,Queens,BOARDWALK & BEACH 59-60 STS,2.0,40.589,-73.7889
Q162J01,BEACH 9TH ST P/G,Queens,BEACH 9 ST & SEAGIRT BLVD,4.0,40.5955,-73.7448
Q403,BEACH CHANNEL PLGD (PS 183),Queens,S/S HMLS BLVD/B 80-79 STS/BCH CH,2.0,40.5888,-73.8062
Q322,BELLAIRE P/G(PS 135),Queens,"HILLSIDE AVE, 207 & 208 STS",4.0,40.7214,-73.7581
Q328,BELLEROSE P/G(PS 133),Queens,"85 AVE, 248-249 STS",2.0,40.733,-73.7183
Q326,James A. Bland Playground,Queens,"40 Rd, Prince & Main Sts",2.0,40.7583,-73.8308
Q308,BOWNE PLAYGROUND(PS 20),Queens,SANFORD AV/BARCLAY AV/UNION/BOWNE,2.0,40.7582,-73.8246
Q134,BREININGER PARK,Queens,BRADDOCK AVE & 240 ST,6.0,40.7257,-73.7287
Q379,BRIARWOOD P/G(JHS 217),Queens,148 ST & 85 AVE,2.0,40.71,-73.8108
Q360U,BRIDGE AND TUNNEL PARK,Queens,"TUNNEL PLAZA, 50 AVE, 11 ST",2.0,40.742,-73.9512
Q460,BROAD CHANNEL PARK,Queens,"CROSS BAY BLVD, EAST 16TH RD",6.0,40.6015,-73.8199
Q008,BROOKVILLE P/G,Queens,BROOKVILLE BLVD & 143 AVE,2.0,40.6638,-73.741
Q361,C C MOORE HOMESTEAD PARK,Queens,"BROADWAY, 45 AVE & 82 ST",6.0,40.7418,-73.8828
Q339,CABBELL PARK,Queens,"121 AVE & 220 ST, FRANCIS LEWIS BL",4.0,40.6889,-73.7423
Q386,CENTERVILLE P/G,Queens,"96 ST, CENTERVILLE ST, ALBERT RD",2.0,40.6705,-73.8393
Q346,CHALLENGE P/G(PS 187),Queens,W/S 251 ST BET 61 & 63 AVES,4.0,40.7561,-73.7278
Q390,CLINTONVILLE P/G(JHS 194),Queens,"CLINTONVILLE ST, BET 17 AVE, 17",2.0,40.7835,-73.8082
Q347,COLDEN P/G(PS 214),Queens,UNION ST & 31 RD,2.0,40.7699,-73.8276
Q457,COLLEGE POINT PARK,Queens,"14 AVE, 121 ST, COLLEGE PT BLVD",2.0,40.7857,-73.8465
Q394,CONCH PLAYGROUND(PS 105),Queens,BCH CHANNEL DR & B 49 ST,4.0,40.596,-73.7803
Q450,CORONA GOLF P/G,Queens,109 ST BET 46-47 AVES,2.0,40.7476,-73.8545
Q360J,CROWLEY P/G,Queens,"N/S QNS MDTWN EXWY, 84 ST-57 AVE",4.0,40.7299,-73.8792
Q106,DANIEL M OCONNELL P/G,Queens,"113 & MURDOCK AVES, 196 ST",4.0,40.6994,-73.7578
Q307,DELPHIN H GREENE P/G(PS 176),Queens,121 AVE & 237 ST,4.0,40.6855,-73.7288
Q385,DITMARS PARK,Queens,23 AVE/DITMARS BLVD/STEINWY ST,2.0,40.7719,-73.9066
Q220C,DR CHARLES R DREW MEMORIAL PK,Queens,"VAN WYCK EXWY, 116 AVE, 140 ST,",6.0,40.6803,-73.8021
Q218,DUTCH KILLS P/G (PS 112),Queens,"37 AVE, 28 ST, 36 AVE,CRESENT ST",2.0,40.7574,-73.9326
Q373,EAST ELMHURST P/G(PS 127),Queens,25 AVE BET 98 & 100 STS,2.0,40.7661,-73.8715
Q404,EAST SPRINGFIELD P/G(PS 147),Queens,115 RD BET 218-219 STS,4.0,40.6984,-73.7397
Q304,EHRENREICH-AUSTIN P/G,Queens,AUSTIN ST BET 76 AVE & 76 DRIVE,2.0,40.715,-73.8364
Q344,EMERALD P/G(PS 200),Queens,164 ST BET JEWEL & 71 AVES,2.0,40.7315,-73.8061
Q221,FARM P/G (PS 26),Queens,"73 AVE, 196TH STREET",6.0,40.7354,-73.7767
Q381,FRANCIS LEWIS P/G(PS 130),Queens,42 AVE AT FRANCIS LEWIS BLVD,2.0,40.7606,-73.7845
Q098,FRANK D. O'CONNOR P/G,Queens,"BROADWAY, 78 TO 79 STS",4.0,40.7441,-73.8862
Q119,FREDERICK B JUDGE P/G,Queens,"111 AVE, 134-135 STS, LINCOLN ST",4.0,40.6835,-73.8082
Q360M,FRONTERA PARK,Queens,58 AVE BE BROWN PL & 69 ST,2.0,40.7249,-73.8957
Q085,GORMAN P/G,Queens,"30 AVE, 84 - 85 ST, 25 AVE",4.0,40.762,-73.8841
Q353,GRASSMERE PLAYGROUND(PS 215),Queens,"GRASSMERE TERR, BRKHAVEN AVE, BR",2.0,40.599,-73.7587
Q358,GUNN PARK (PS 18),Queens,"S/S HILLSIDE AVE, E/O 235 CT",4.0,40.7318,-73.7315
Q359,HAGGERTY PARK,Queens,S/S JAMAICA AVE BET 202-204 STS,4.0,40.7126,-73.7578
Q226,Hallets Cove Playground,Queens,HALLETS COVE & VERNON BLVD,4.0,40.7719,-73.9343
Q367,HAMMEL PLAYGROUND,Queens,B 83 ST & ROCKAWAY BCH BLVD,2.0,40.5884,-73.8093
Q357B01,HANDBALL HAVEN,Queens,102 ST/62 AVE/YELLOWSTONE BLVD,2.0,40.7361,-73.8552
Q408,HAROLD SCHNEIDERMAN P/G(PS232),Queens,155 AVE BET 84 & 85 ST,2.0,40.6649,-73.8502
Q120,HARVARD P/G,Queens,"179 PL, N/O JAMAICA AVE",2.0,40.7089,-73.7814
Q352,HILLSIDE PARK(JHS 172),Queens,"82 AVE, 256 - 257 STS",2.0,40.7406,-73.7131
Q360N,HOFFMAN PARK,Queens,HOFFMAN DR & SEABURY ST,4.0,40.7325,-73.8728
Q405,HOLLIS PLAYGROUND(JHS 192),Queens,"HOLLIS AVE, 205 ST, 111",4.0,40.7066,-73.7529
Q300B,Holy Cow P/G (PS 179),Queens,HRC HDNG BLVD/ 199 STREET,4.0,40.7421,-73.7785
Q105,HOWARD VON DOHLEN P/G,Queens,"ARCHER AVE, 138 PL, 91 AVE, 138",3.0,40.6991,-73.813
Q066F,HOYT PLAYGROUND,Queens,"HOYT AVE, 29 TO 31 STS",4.0,40.7714,-73.9169
Q301,JAMAICA PLAYGROUND(PS 40),Queens,109 ST/BRNKRHOFF AVE/106/UNION H,8.0,40.6929,-73.7908
Q285,JOHN ADAMS P/G,Queens,"133 AVE, 101 TO 103 STS",2.0,40.6774,-73.8356
Q391,JOSEPH AUSTIN P/G,Queens,GRND CENT PKWY BET 164 PL & 168,6.0,40.7161,-73.8015
Q094,JOSEPH P. ADDABBO PLAYGROUND,Queens,"BET 81-82 STS, N CONDUIT AVE",6.0,40.6729,-73.8542
Q122,JUNCTION P/G,Queens,"96 ST, 34 AVE, JUNCTION BLVD",2.0,40.7545,-73.8719
Q102,JUNIPER NORTH PLGD (TENNIS),Queens,"77 PL, JUNIPER BLVD",10.0,40.7211,-73.8772
Q121,"K.L.WILLIAMS (P/G, TENNIS)",Queens,"LIBERTY AVE, 172-173 STS",4.0,40.7042,-73.7851
Q300A,KISSENA CORRIDOR PK,Queens,PCK/UNDRHL AVES/UTOPIA PKY/HRC H,4.0,40.7448,-73.787
Q407,Lannett Playground,Queens,"B 8 ST, LANETT AVE, B 9 ST",2.0,40.5995,-73.744
Q108,LAURELTON P/G,Queens,"BROOKVILLE BLVD, S/O 136 AVE",4.0,40.6692,-73.7372
Q096E,LEFFERTS P/G,Queens,"N CONDUIT AVE, 120-122 STS",2.0,40.6656,-73.8206
Q330,LOCUST MANOR P/G(PS 15),Queens,"192 ST, S/S 121 AVE",2.0,40.6857,-73.7562
Q128,LONDON PLANETREE P/G,Queens,"88-89 STS, ATLANTIC TO 95 AVES",8.0,40.6866,-73.8536
Q415,LOUIS ARMSTRONG P/G(PS 143),Queens,37 AVE BET 112 & 113 STS,4.0,40.7549,-73.8558
Q369,LOUIS PASTEUR PARK(JHS 67),Queens,52 AVE BET 248 ST & MARATHON PKW,6.0,40.7619,-73.7351
Q020,HIGHLAND PARK,Queens,JAMAICA AVE & ELTON ST,10.0,40.6842,-73.8881
Q305,MAFERA PARK,Queens,65 PL & 68 AVE,4.0,40.706,-73.891
Q220G,MANTON P/G,Queens,VAN WYCK EXWY/84 RD/MANTON ST/83,4.0,40.7123,-73.8213
Q211,MAPLE PLAYGROUND,Queens,KISSENA BLVD & MAPLE AVE,2.0,40.7556,-73.8263
Q127,MARCONI PARK,Queens,"109 AVE, 157 ST, 108 AVE, 155 ST",8.0,40.6942,-73.7953
Q364,MARIE CURIE PARK(JHS 158),Queens,46 AVE & 211 ST,2.0,40.757,-73.771
Q337,MAURICE A FITZGERALD P/G,Queens,ATLANTIC AVE BET 104/106 STS,4.0,40.6903,-73.8402
Q096C,MENTONE PLAYGROUND,Queens,"SOUTHERN PKWY, 231-234 STS",2.0,40.6663,-73.742
Q402,MERRICK PLAYGROUND(IS 8),Queens,167 ST & 109 AVE,2.0,40.6964,-73.786
Q007,MICHAELIS-BAYSWATER PK,Queens,BCH CHNL DR/B 32 ST/DWIGHT- NORTO,6.0,40.5995,-73.7673
Q396,MONTBELLIER PARK,Queens,SPRNGFLD BLVD BET ESTGATE PLAZA,2.0,40.6738,-73.7564
Q366,MOSER PARK,Queens,"W/S 77 ST, N/S 25 AVE",2.0,40.7631,-73.8924
Q437,MURRAY HILL P/G(PS 22),Queens,"156-MURRAY ST, BARCLAY-SANFORD A",2.0,40.7617,-73.8115
Q141,MURRAY PLAYGROUND,Queens,"21 ST, 45 AVE, 11 ST, 45 RD",4.0,40.7473,-73.9497
Q210,NAUTILUS P/G,Queens,"MERRICK BLVD, 120 AVE, BAISLEY B",2.0,40.6847,-73.7704
Q426,NORTH ROCHDALE P/G(PS 30),Queens,BAISLEY BLVD & BEDELL ST,2.0,40.6799,-73.7754
Q363,NORTHERN P/G(PS 149),Queens,NORTHERN BLVD & 93 ST,2.0,40.7563,-73.8749
Q400,OAKLAND GARDENS(PS 203),Queens,E/S SPRINGFIELD BLVD & 54 AVE,2.0,40.7537,-73.7595
Q430,P.S. 195 Playground/Sunrise Playground,Queens,149 RD/WELLER LANE/149 AVE/253 ST,2.0,40.6529,-73.7365
Q306,PAINTER'S P/G(PS 174),Queens,ALDERTON ST/DIFTERLE-ELWELL CRES,4.0,40.7206,-73.8599
Q298,PAUL RAIMONDA P/G,Queens,"47 RO 48 STS, 20 AVE",4.0,40.7729,-73.897
Q351,PETERS FIELD,Queens,"LIBERTY AVE, 183 PL, 104 AVE",2.0,40.7064,-73.7751
Q362,PLAYGROUND NINETY (PS 148 P/G),Queens,NORTHERN BLVD & 90 ST,4.0,40.7574,-73.8788
Q334,PLAYGROUND TWENTY-ONE(PS 184),Queens,"163-166 STS, 21 AVE - 21 RD",4.0,40.7784,-73.7984
Q118,PO NICHOLAS DEMUTIIS PK(OZONE),Queens,"LIBERTY AVE, 101-102 STS",2.0,40.6821,-73.8392
Q092,POL. OFC EDWARD BYRNE PARK,Queens,N CONDUIT AVE/134-135 ST/135 AV,4.0,40.6672,-73.8067
Q329,POMONOK P/G(PS 201),Queens,"KISSENA BLVD, 65 AVE",8.0,40.7358,-73.8144
Q327,PS 186 P/G(CASTLEWOOD SCHOOL),Queens,LITTLE NECK PKWY & 72 AVE,2.0,40.7495,-73.7228
Q333,RAVENSWOOD P/G,Queens,"35 AVE, 21 ST, 34 AVE",6.0,40.7627,-73.9345
Q345,REDFERN PLAYGROUND,Queens,B 12 ST & REDFERN AVE,2.0,40.6113,-73.7489
Q423,REIFF PLAYGROUND,Queens,59 DRIVE/63 STREET/FRESH POND RD,2.0,40.7188,-73.9015
Q371,ROCKAWAY COMMUNITY PK,Queens,CONCH/SMRVLE-NORTON BASINS/ALMED,2.0,40.5983,-73.7854
Q414,ROCKET PARK (JHS 202)(GODDARD),Queens,"N CONDUIT AVE, ARION RD, 149 AVE",2.0,40.6706,-73.8464
Q398,Rosemary's Playground,Queens,WOODWARD/WOODBINE/FAIRVIEW/MADISON,0.0,40.7045,-73.9038
Q023,RUFUS KING PARK,Queens,"JAMAICA AVE, 153 ST, 89 AVE, 150 ST",2.0,40.7045,-73.8034
Q335,RUSSELL SAGE P/G(JHS 190),Queens,68 AVE/BOOTH TO AUSTIN STS,2.0,40.7238,-73.8519
Q293,SAUL WEPRIN P/G(PS 162 P/G),Queens,201-202 STS BET 53 & 56 AVES,4.0,40.7477,-73.7766
Q422,SEASIDE PLAYGROUND(PS 225),Queens,ST MARKS AVE & B 109 ST,2.0,40.5809,-73.8306
Q021C,SEVEN GABLES P/G (IS 74),Queens,"S/O LI EXWY, 21O & OCEANIA STS",2.0,40.7441,-73.7661
Q354,SEVENTY-FIVE P/G(PS 154),Queens,"75 AVE, 160-162 STS",2.0,40.7263,-73.8081
Q129,SMOKEY OVAL,Queens,95 AVE/127 ST/ATLANTIC AVE/125 ST,8.0,40.6948,-73.8209
Q131,SOUTH MAURICE SENIOR PLAYGROUND,Queens,"CENTER OF PARK, LIE SERVICE RD",2.0,40.7269,-73.9034
Q427,SOUTH ROCHDALE P/G(PS 80),Queens,133 ST & 137 AVE,2.0,40.6737,-73.7688
Q429,SPIRIT P/G(PS 76),Queens,36 AVE BET 9 & 10 STS,2.0,40.7615,-73.9416
Q406,SPRINGFIELD PARK NORTH-JHS 231,Queens,"SPRINGFIELD BLVD, 145 RD,",4.0,40.664,-73.7595
Q174A,ST MICHAELS PK,Queens,BKLYN-QUEENS EXPY FROM 30 AVE,4.0,40.7585,-73.9
Q291,STARR PLAYGROUND,Queens,ONDERDONK/WILLOUGHBY AVES/STARR ST,2.0,40.71,-73.9179
Q395,STEINWAY P/G(JHS 141),Queens,"20 RD, 20 AVE, 37-38 STS",2.0,40.7767,-73.9037
Q317,TALL OAK PLAYGROUND(PS 46),Queens,"64 AVE, 218-219 STS",2.0,40.7457,-73.7579
Q349,TELEPHONE P/G(PS 205),Queens,"BELL BLVD, 75 AVE & 217 ST",2.0,40.7385,-73.7569
Q044,THOMSON HILL P/G,Queens,,2.0,40.7414,-73.9224
Q340,TORSNEY PLAYGROUND,Queens,SKILLMAN AVE & 43 ST,4.0,40.7477,-73.9211
Q303,TRAVERS PARK,Queens,"34 AVE, 77-78 STS",4.0,40.7542,-73.8896
Q294,UTOPIA P/G,Queens,"73 AVE, JEWEL AVE, UTOPIA PKWY",4.0,40.7304,-73.7927
Q321,VAN ALST P/G(PS 171),Queens,"29 TO 30 AVES, 21 ST",2.0,40.7706,-73.9278
Q320,VLEIGH P/G(PS 165),Queens,70 RD/71 AVE/150 ST/KISSENA BLVD,4.0,40.7296,-73.8173
Q421,WALTER WARD PLAYGROUND(PS 207),Queens,89 ST & 160 AVE,2.0,40.6574,-73.8435
Q082,WAYANDA PARK(PS 34),Queens,HOLLIS AVE & ROBARD LANE,4.0,40.7112,-73.7384
Q022,WEEPING BEECH/ CARMAN GREEN,Queens,37 AV/PARSONS BLVD/BOWNE STREET,2.0,40.7637,-73.8248
Q266,WESTBOURNE PLAYGROUND(PS 104),Queens,"MOTT & WESTBOURN AVES, B 25 ST",4.0,40.608,-73.7644
Q031,WINDMULLER PK,Queens,52 ST/WDSDE AV/39RD/39DR,4.0,40.7477,-73.9108
Q332,WOODTREE P/G,Queens,"20 AVE, 37 ST, 38 ST",4.0,40.7779,-73.9023
R087,Dongan Playground,Staten Island,,4.0,40.5825,-74.0894
R090,Double Nickel Playground (P.S. 55),Staten Island,Koch Boulevard and Preston Avenue,2.0,40.5367,-74.1631
R067,General Douglas McArthur Park,Staten Island,,4.0,40.586,-74.1004
R068,The Big Park,Staten Island,,2.0,40.6313,-74.1649
R025,Mahoney Playground,Staten Island,,6.0,40.6431,-74.0856
R076,Markham Playground (P.S. 51),Staten Island,,2.0,40.6243,-74.1456
R038A,Midland Field (J.H. 2),Staten Island,,4.0,40.577,-74.099
R073,Naples Playground (P.S. 48),Staten Island,,4.0,40.6026,-74.0906
R063,Oldtown Playground (P.S. 46),Staten Island,,2.0,40.5951,-74.0814
R045,Schmul Park,Staten Island,,4.0,40.5902,-74.188
R061,Stapleton Playground (P.S. 14),Staten Island,,4.0,40.6227,-74.0799
R069,Terrace Park (P.S. 35),Staten Island,,2.0,40.6138,-74.0989
R064,Todt Hill Houses Playground,Staten Island,,4.0,40.6089,-74.1193
Q448,Roy Wilkins Recreation Center,Queens,"Baisley & Merrick boulevards, 115 Avenue, 177 Street",,40.6853,-73.77
B244,McDonald Playground,Brooklyn,McDonald Avenue,6.0,40.6003,-73.9724
X210,Governor Smith Playground,Bronx,E. 152nd Street between Morris Avenue and Courtlandt Avenue,6.0,40.8193,-73.9202
B431,Brooklyn Bridge Park,Brooklyn,Pier 2,6.0,40.6995,-73.9979
B132,Justice Gilbert Ramirez Park,Brooklyn,McKibbin St. bet. White St. and Bogart St.,1.0,40.706,-73.934
B132,Justice Gilbert Ramirez Park,Brooklyn,McKibbin St. bet. White St. and Bogart St.,1.0,40.706,-73.934
Q163,Beach 105th St. Courts,Queens,Shore Front Parkway & Beach 105 St,8.0,40.5812,-73.8242
X216,Abigail Playground,Bronx,E 156 St bet. Tinton Av and Union Av,2.0,40.8174,-73.9047
